NO,BLOCK NO.,COLOR NAME,L,H,W,CBM,CUTTING QTY,DISPATCHED SLABS,DISPATCHED QTY,BALANCE SLABS,SFT FOR BAL SLABS,TOTAL SFT FOR BLOCK,Recovery
1,26,IMPERIAL GOLD,365,210,204,15.6366,3515,111,3357.91,0,0,3357.91,214.746812
2,27,IMPERIAL GOLD,350,205,210,15.0675,3652,119,3311.05,0,0,3311.05,219.7478016
3,50,IMPERIAL GOLD,335,220,205,15.1085,4896.84,73,4366.24,0,0,4366.24,288.9922891
4,51,IMPERIAL GOLD,315,141,200,8.883,4326.48,54,3240.1,0,0,3240.1,364.7528988
5,52,IMPERIAL GOLD,348,180,216,13.53024,3452.66,58,3961.97,0,0,3961.97,292.823335
6,53,IMPERIAL GOLD,344,170,217,12.69016,4644.97,65,4046.43,0,0,4046.43,318.8635919
7,54,IMPERIAL GOLD,347,161,202,11.285134,3541.6,53,3323.71,0,0,3323.71,294.521093
8,55,IMPERIAL GOLD,329,175,200,11.515,3864.7,60,3298.03,0,0,3298.03,286.411637
9,56,IMPERIAL GOLD,333,145,205,9.898425,3380.65,49,3119.81,0,0,3119.81,315.1824659
10,57,IMPERIAL GOLD,332,170,195,11.0058,3856.18,59,3549.55,0,0,3549.55,322.5163096
11,58,IMPERIAL GOLD,350,180,210,13.23,3572.43,51,3309.79,0,0,3309.79,250.1730915
12,59,IMPERIAL GOLD,337,135,207,9.417465,2821,40,2468.47,0,0,2468.47,262.1161852
13,60,IMPERIAL GOLD,335,155,215,11.163875,3712.67,52,3361.3,0,0,3361.3,301.0872121
14,61,IMPERIAL GOLD,337,127,210,8.98779,2807.59,43,2376.93,0,0,2376.93,264.4621203
15,68,IMPERIAL GOLD,310,130,215,8.6645,,,,,,,0
16,69,IMPERIAL GOLD,295,150,215,9.51375,,,,,,,0
17,70,IMPERIAL GOLD,350,135,155,7.32375,1767.31,93,1965.24,0,0,1965.24,268.3379416
18,71,IMPERIAL GOLD,360,180,220,14.256,3875.04,123,3871.42,0,0,3871.42,271.5642536
19,72,IMPERIAL GOLD,365,130,235,11.15075,2882.06,129,1826.51,0,0,1826.51,163.801538
20,73,IMPERIAL GOLD,320,105,112,3.7632,708.265,23,605.71,0,0,605.71,160.9561012
21,75,IMPERIAL GOLD,260,120,100,3.12,915.65,43,812.78,0,0,812.78,260.5064103
22,76,IMPERIAL GOLD,335,95,170,5.41025,1421.26,46,1217.11,0,0,1217.11,224.9637263
23,77,IMPERIAL GOLD,306,145,110,4.8807,1087.43,41,938.11,0,0,938.11,192.2080849
24,79,IMPERIAL GOLD,325,150,220,10.725,2994.34,103,2824.89,0,0,2824.89,263.393007
25,80,IMPERIAL GOLD,346,220,220,16.7464,4478.91,148,4844.4,0,0,4844.4,289.2800841
26,105,IMPERIAL GOLD,323,85,140,3.8437,937.726,32,1355.59,0,0,1355.59,352.6784088
27,106,IMPERIAL GOLD,250,190,84,3.99,1477.36,61,1373.83,0,0,1373.83,344.3182957
28,107,IMPERIAL GOLD,265,180,60,2.862,639.38,25,533.65,0,0,533.65,186.4605171
29,108,IMPERIAL GOLD,250,175,50,2.1875,954.53,48,963.09,0,0,963.09,440.2697143
30,109,IMPERIAL GOLD,305,125,105,4.003125,1294.9,39,1180.33,0,0,1180.33,294.8521468
31,110,IMPERIAL GOLD,320,190,100,6.08,2435.7,38,2073.09,0,0,2073.09,340.96875
32,111,IMPERIAL GOLD,305,157,110,5.26735,2163.24,87,1973.53,0,0,1973.53,374.6722735
33,112,IMPERIAL GOLD,320,172,90,4.9536,1772.94,69,1933.32,0,0,1933.32,390.2858527
34,113,IMPERIAL GOLD,325,173,120,6.747,2672,78,2093.47,0,0,2093.47,310.2816066
35,114,IMPERIAL GOLD,325,198,120,7.722,2835.87,42,2541.99,0,0,2541.99,329.1880342
36,115,IMPERIAL GOLD,322,180,85,4.9266,2012.62,66,1860.98,0,0,1860.98,377.7412414
37,116,IMPERIAL GOLD,320,188,150,9.024,3716.16,118,3339.87,0,0,3339.87,370.1097074
38,117,IMPERIAL GOLD,320,180,70,4.032,2256,36,2280.19,0,0,2280.19,565.5233135
39,118,IMPERIAL GOLD,230,190,140,6.118,1786.52,75,2260.01,0,0,2260.01,369.4033998
40,119,IMPERIAL GOLD,322,190,85,5.2003,1830.4,66,1741.63,0,0,1741.63,334.9095245
41,120,IMPERIAL GOLD,320,188,77,4.63232,1971.83,29,1728.93,0,0,1728.93,373.2319874
42,121,IMPERIAL GOLD,320,100,190,6.08,2200.43,34,1855.93,0,0,1855.93,305.2516447
43,122,IMPERIAL GOLD,355,190,78,5.2611,2275.13,33,1960.93,0,0,1960.93,372.7224345
44,123,IMPERIAL GOLD,325,210,85,5.80125,2147.86,64,1909.17,0,0,1909.17,329.0963154
45,124,IMPERIAL GOLD,360,190,120,8.208,3587.28,109,3473.95,0,0,3473.95,423.2395224
46,125,IMPERIAL GOLD,354,95,155,5.21265,4316.29,,,59,,,0
48,182,IMPERIAL GOLD,350,205,205,14.70875,4867.63,70,4470.26,0,0,4470.26,303.9184159
49,183,IMPERIAL GOLD,330,205,200,13.53,4608.92,69,4210.27,0,0,4210.27,311.18034
50,184,IMPERIAL GOLD,345,203,190,13.30665,4705.84,66,4117.25,0,0,4117.25,309.4129627
51,185,IMPERIAL GOLD,340,185,130,8.177,,,,0,,0,0
52,186,IMPERIAL GOLD,330,205,175,11.83875,4361.74,64,4044.89,0,0,4044.89,341.6652941
53,187,IMPERIAL GOLD,300,195,190,11.115,3435.36,99,3036.75,0,0,3036.75,273.2118758
55,259,IMPERIAL GOLD,350,200,160,11.2,4303.98,57,3591.89,0,0,3591.89,320.7044643
56,260,IMPERIAL GOLD,355,200,185,13.135,4922.11,67,4057.29,0,0,4057.29,308.8915112
57,261,IMPERIAL GOLD,350,195,135,9.21375,2934.29,40,2458.73,0,0,2458.73,266.8544295
58,262,IMPERIAL GOLD,355,205,160,11.644,3455.92,47,3728.61,0,0,3728.61,320.2172793
59,263,IMPERIAL GOLD,355,200,220,15.62,4198.84,137,2332.61,0,0,2332.61,149.3348271
60,264,IMPERIAL GOLD,340,205,140,9.758,2897.047,39,2575.12,0,0,2575.12,263.8983398
61,265,IMPERIAL GOLD,350,190,200,13.3,5551.38,76,5076.47,0,0,5076.47,381.6894737
62,266,IMPERIAL GOLD,350,190,120,7.98,1615.9,24,1267.82,0,0,1267.82,158.8746867
63,267,IMPERIAL GOLD,320,200,200,12.8,4353.91,135,3786.29,0,0,3786.29,295.8039063
64,268,IMPERIAL GOLD,325,200,200,13,4334.51,132,4757.45,0,0,4757.45,365.9576923
65,269,IMPERIAL GOLD,345,200,145,10.005,1517.07,43,1196.37,0,0,1196.37,119.5772114
66,270,IMPERIAL GOLD,320,200,120,7.68,1957.22,66,1648.21,0,0,1648.21,214.6106771
67,271,IMPERIAL GOLD,340,140,120,5.712,1827.19,50,1571.34,0,0,1571.34,275.0945378
68,272,IMPERIAL GOLD,340,195,125,8.2875,3102.59,43,2719.26,0,0,2719.26,328.1158371
69,273,IMPERIAL GOLD,235,180,120,5.076,1897.53,85,1707.13,0,0,1707.13,336.3140268
70,274 B,IMPERIAL GOLD,325,125,120,4.875,902.73,39,1044.24,0,0,1044.24,214.2030769
71,275,IMPERIAL GOLD,350,130,90,4.095,1498.67,45,1091.82,0,0,1091.82,266.6227106
72,276 A,IMPERIAL GOLD,350,100,100,3.5,1238.46,36,1048.09,0,0,1048.09,299.4542857
73,277,IMPERIAL GOLD,350,200,95,6.65,708.35,23,458.51,0,0,458.51,68.94887218
74,278,IMPERIAL GOLD,300,200,100,6,2546.286329,28,565.67,55,1111.1375,1676.8075,279.4679167
76,328,IMPERIAL GOLD,300,200,125,7.5,2154.38,77,1966.25,0,0,1966.25,262.1666667
77,329,IMPERIAL GOLD,350,200,100,7,825.211,30,868.67,0,0,868.67,124.0957143
78,330,IMPERIAL GOLD,325,190,105,6.48375,2173.89,66,1636.44,0,0,1636.44,252.3909774
79,331,IMPERIAL GOLD,320,195,100,6.24,1849.68,64,1595.6,0,0,1595.6,255.7051282
80,332,IMPERIAL GOLD,335,200,175,11.725,3035,104,2998.92,0,0,2998.92,255.7714286
81,333,IMPERIAL GOLD,355,195,80,5.538,1422.57,,,59,0,0,0
82,334,IMPERIAL GOLD,355,200,100,7.1,2028.37,61,1741.41,0,0,1741.41,245.2690141
83,335,IMPERIAL GOLD,340,195,200,13.26,5124.74,68,4238.08,6,373.9482353,4612.028235,347.8151007
84,336,IMPERIAL GOLD,335,200,200,13.4,5354.82,75,4215.7,0,0,4215.7,314.6044776
85,337,IMPERIAL GOLD,340,200,200,13.6,4589.32,78,1831.19,59,1385.130897,3216.320897,236.4941836
86,338,IMPERIAL GOLD,333,205,205,13.994325,4213.2831,62,1911.38,65,2003.866129,3915.246129,279.7738461
87,339,IMPERIAL GOLD,245,200,165,8.085,2693.2,95,2483.46,0,0,2483.46,307.1688312
88,340,IMPERIAL GOLD,350,200,30,2.1,1028.848224,36,884.83,0,0,884.83,421.347619
89,341,IMPERIAL GOLD,330,180,120,7.128,2756.8,91,2201.26,0,0,2201.26,308.818743
90,342,IMPERIAL GOLD,270,195,95,5.00175,554,25,441.43,7,123.6004,565.0304,112.9665417
91,343,IMPERIAL GOLD,250,170,120,5.1,1943.33,55,864.22,34,534.2450909,1398.465091,274.2088414
92,344,IMPERIAL GOLD,300,205,200,12.3,4580.56,36,2061.86,34,1947.312222,4009.172222,325.9489612
93,345,IMPERIAL GOLD,355,205,195,14.191125,,,,,0,0,0
95,369,IMPERIAL GOLD,350,200,150,10.5,2298.3,77,2050.59,0,0,2050.59,195.2942857
96,370,IMPERIAL GOLD,355,205,200,14.555,5094.49,67,3877.49,0,0,3877.49,266.4026108
97,371,IMPERIAL GOLD,350,110,80,3.08,465.48,25,561.83,0,0,561.83,182.4123377
98,372,IMPERIAL GOLD,355,205,195,14.191125,5150.36,69,3404.6,0,0,3404.6,239.9105074
99,373,IMPERIAL GOLD,290,200,190,11.02,4901.93,3,193.27,66,4251.94,4445.21,403.376588
100,374,IMPERIAL GOLD,325,205,190,12.65875,5147,,,70,,0,0
101,375,IMPERIAL GOLD,325,200,220,14.3,5428.29,75,4680.08,0,0,4680.08,327.2783217
102,376,IMPERIAL GOLD,325,205,190,12.65875,4334.08,127,3783.43,0,0,3783.43,298.8786413
103,377,IMPERIAL GOLD,325,200,215,13.975,5116.99,112,3276.58,44,1287.227857,4563.807857,326.5694352
104,378,IMPERIAL GOLD,325,200,200,13,4893.04,51,1435.65,94,2646.1,4081.75,313.9807692
105,379,IMPERIAL GOLD,330,200,225,14.85,5009.65,20,1308.78,32,2094.048,3402.828,229.1466667
106,380,IMPERIAL GOLD,220,200,140,6.16,1832.65,79,1520.05,0,0,1520.05,246.7613636
107,381,IMPERIAL GOLD,320,205,140,9.184,1645.6,41,971.91,38,900.7946341,1872.704634,203.9094767
109,415  B,IMPERIAL GOLD,335,200,190,12.73,1753.25,33,1570.04,0,0,1570.04,123.333857
110,416,IMPERIAL GOLD,345,200,200,13.8,3910.1,125,3504.05,0,0,3504.05,253.9166667
111,417,IMPERIAL GOLD,330,200,185,12.21,4381.41,136,3689.92,0,0,3689.92,302.2047502
112,418,IMPERIAL GOLD,330,205,120,8.118,2927.96,86,2562.99,0,0,2562.99,315.7169254
113,419,IMPERIAL GOLD,320,200,200,12.8,1909.97,79,1718.49,0,0,1718.49,134.2570313
114,420,IMPERIAL GOLD,350,160,140,7.84,1345.74,57,1417.6,0,0,1417.6,180.8163265
115,421,IMPERIAL GOLD,350,155,210,11.3925,2764.54,85,2258.35,0,0,2258.35,198.2312925
116,422,IMPERIAL GOLD,340,205,205,14.2885,3787.76,119,3784.61,0,0,3784.61,264.8710501
117,423,IMPERIAL GOLD,350,205,140,10.045,3019.58,111,2928.77,0,0,2928.77,291.5649577
118,424,IMPERIAL GOLD,355,205,180,13.0995,4043.49,114,3182.55,0,0,3182.55,242.9520211
119,425,IMPERIAL GOLD,355,190,155,10.45475,2904.61,35,1104.27,49,,1104.27,105.6237595
120,426,IMPERIAL GOLD,355,200,210,14.91,5174.52,,,67,,0,0
121,427,IMPERIAL GOLD,340,200,195,13.26,5838.02,208,5644.64,0,0,5644.64,425.6892911
122,427 A,IMPERIAL GOLD,330,195,200,12.87,,,,,,0,0
123,428-A,IMPERIAL GOLD,330,200,210,13.86,3764.73,131,3505.82,0,0,3505.82,252.9451659
124,429-A,IMPERIAL GOLD,325,150,120,5.85,846.35,30,716.81,0,0,716.81,122.5316239
125,430,IMPERIAL GOLD,325,205,215,14.324375,3350.56,56,3191.53,0,0,3191.53,222.8041363
126,431,IMPERIAL GOLD,330,200,210,13.86,3156.12,96,2717.41,0,0,2717.41,196.0613276
127,432,IMPERIAL GOLD,345,200,170,11.73,2314.16,87,2395.99,0,0,2395.99,204.2617221
128,433,IMPERIAL GOLD,340,100,200,6.8,2171.9,71,1907.33,0,0,1907.33,280.4897059
129,434,IMPERIAL GOLD,330,195,120,7.722,2805.16,87,2414.55,0,0,2414.55,312.6845377
130,435,IMPERIAL GOLD,320,205,100,6.56,2284.36,72,1962.32,0,0,1962.32,299.1341463
131,436,IMPERIAL GOLD,350,205,210,15.0675,5715.14,75,4866.57,0,0,4866.57,322.9845694
132,437,IMPERIAL GOLD,335,195,190,12.41175,4671.68,68,3803.09,0,0,4149.8,306.4104578
133,437 C,IMPERIAL GOLD,335,195,190,12.41175,414.1550054,15,346.71,0,0,,27.93401414
134,438,IMPERIAL GOLD,330,205,180,12.177,4706.56,138,4230.55,0,0,4230.55,347.4213682
135,439,IMPERIAL GOLD,335,195,190,12.41175,4259.66,133,3650.79,0,0,3650.79,294.1398272
136,440,IMPERIAL GOLD,340,25,185,1.5725,3820.14,89,2092.99,41,964.1864045,3057.176404,1944.150337
137,441,IMPERIAL GOLD,355,205,140,10.1885,2329.25,10,298.45,51,1522.095,1820.545,178.6862639
138,442,IMPERIAL GOLD,265,120,50,1.59,718.8374596,21,500.38,0,0,500.38,314.7044025
140,465,IMPERIAL GOLD,350,205,185,13.27375,6894.34,120,4115.62,3,102.8905,4218.5105,317.8084942
141,466,IMPERIAL GOLD,355,185,115,7.552625,,,,,,0,0
142,467,IMPERIAL GOLD,350,200,125,8.75,2942.1,88,2421.12,0,0,2421.12,276.6994286
143,468,IMPERIAL GOLD,355,200,210,14.91,3837.56,114,3410.11,0,0,3410.11,228.7129443
144,469,IMPERIAL GOLD,345,205,190,13.43775,4797.94,68,3495.51,0,0,3495.51,260.1261372
145,470,IMPERIAL GOLD,290,200,210,12.18,5916.58127,204,5773.98,0,0,5773.98,474.0541872
146,471,IMPERIAL GOLD,345,180,105,6.5205,2490.15,,,71,,0,0
147,472,IMPERIAL GOLD,200,210,130,5.46,1119.48,56,1098.71,0,0,1098.71,201.2289377
148,473,IMPERIAL GOLD,345,200,190,13.11,4722.18,68,3973.43,1,58.43279412,4031.862794,307.5410217
149,474,IMPERIAL GOLD,355,205,210,15.28275,,,,0,,0,0
150,475,IMPERIAL GOLD,345,175,125,7.546875,2460.38,64,1776.64,7,194.32,1970.96,261.1624017
151,476,IMPERIAL GOLD,345,200,210,14.49,4712.94,69,1584.71,73,1676.577246,3261.287246,225.0715836
152,477,IMPERIAL GOLD,345,200,120,8.28,,,,,,0,0
153,478,IMPERIAL GOLD,350,205,160,11.48,,,,,,0,0
154,479,IMPERIAL GOLD,260,160,200,8.32,3155.89,112,1763.8,5,78.74107143,1842.541071,221.4592634
155,480,IMPERIAL GOLD,300,195,90,5.265,1883.06,67,1813.33,0,0,1813.33,344.4121557
156,481,IMPERIAL GOLD,320,130,110,4.576,1462.05,44,992.45,0,0,992.45,216.8815559
157,482,IMPERIAL GOLD,335,150,95,4.77375,567.9,25,494.98,0,0,494.98,103.6878764
158,483,IMPERIAL GOLD,330,120,95,3.762,1257.93,,,45,,0,0
159,484,IMPERIAL GOLD,330,100,50,1.65,858.96,24,655.57,6,,655.57,397.3151515
160,485,IMPERIAL GOLD,330,200,200,13.2,,,,0,,0,0
161,486,IMPERIAL GOLD,350,200,140,9.8,2857.92,84,1666.02,17,337.1707143,2003.190714,204.4072157
162,487,IMPERIAL GOLD,325,195,190,12.04125,4794.19,54,1257.6,90,2096,3353.6,278.509291
163,502,IMPERIAL GOLD,355,200,185,13.135,4285.45,127,3493.97,0,0,3493.97,266.0045679
164,503,IMPERIAL GOLD,385,200,170,13.09,3121.82,56,2140.87,49,1873.26125,4014.13125,306.6563216
165,504,IMPERIAL GOLD,325,200,210,13.65,,,,,,0,0
166,505,IMPERIAL GOLD,340,200,185,12.58,3446.26,54,3264.69,0,0,3264.69,259.5143084
167,506,IMPERIAL GOLD,330,200,135,8.91,3898.07,55,1544.07,0,0,1544.07,173.2962963
168,507,IMPERIAL GOLD,330,200,130,8.58,3414.59,98,2829.86,0,0,2829.86,329.8205128
169,508,IMPERIAL GOLD,340,150,125,6.375,2215.55,,,58,,0,0
170,509,IMPERIAL GOLD,340,200,120,8.16,2656.14,79,2050.54,0,0,2050.54,251.2916667
171,510,IMPERIAL GOLD,340,200,170,11.56,3945.72,114,3164.64,0,0,3164.64,273.7577855
172,511,IMPERIAL GOLD,325,110,140,5.005,1417.29,42,1278.11,0,0,1278.11,255.3666334
173,512,IMPERIAL GOLD,320,90,185,5.328,,,,,,0,0
174,513,IMPERIAL GOLD,320,180,190,10.944,4560.79,89,3827.48,0,0,3827.48,349.7331871
175,514,IMPERIAL GOLD,355,180,80,5.112,,,,,,0,0
176,515,IMPERIAL GOLD,330,205,100,6.765,2270.51,68,1843.51,0,,1843.51,272.5070214
177,559,IMPERIAL GOLD,355,25,200,1.775,5246.9,56,2567,0,0,2567,1446.197183
178,560 A,IMPERIAL GOLD,355,205,185,13.463375,3000.57,40,2125.04,0,0,3698.81,157.8385806
179,560 B,IMPERIAL GOLD,355,205,185,13.463375,1897.22,70,1573.77,2,,,116.8926811
180,561,IMPERIAL GOLD,340,205,80,5.576,1651.324004,47,939.33,0,0,939.33,168.4594692
181,562 A,IMPERIAL GOLD,345,205,130,9.19425,1427.2,47,1317.4,0,0,2608.05,143.2852054
182,562 B,IMPERIAL GOLD,345,205,130,9.19425,1575.8,46,1290.65,0,0,,140.3757783
183,563 A,IMPERIAL GOLD,330,200,190,12.54,2424.22,68,2163.01,0,0,4124.11,172.4888357
184,563 B,IMPERIAL GOLD,330,200,190,12.54,2380.6,68,1961.1,0,0,,156.3875598
185,564,IMPERIAL GOLD,345,200,170,11.73,4233.41,59,3382.86,0,0,3382.86,288.3938619
186,585 A,IMPERIAL GOLD,340,205,190,13.243,2803.81,74,1462.21,0,0,3723.8868,110.4138035
187,585 B,IMPERIAL GOLD,340,205,190,13.243,2545.73,25,764.08,49,1497.5968,,170.7828136
188,586 A,IMPERIAL GOLD,345,190,120,7.866,1436.37,42,1239.08,0,0,2453.43,157.5235189
189,586 B,IMPERIAL GOLD,345,190,120,7.866,1510.34,42,1214.35,0,0,,154.3796084
190,587 A,IMPERIAL GOLD,340,180,190,11.628,1989.19,71,1890.13,0,0,3663.19,162.5498796
191,587 B,IMPERIAL GOLD,340,180,190,11.628,2069.81,69,1773.06,0,0,,152.4819401
192,588 A,IMPERIAL GOLD,350,200,170,11.9,2208.51,54,997.88,6,110.8755556,1974.815556,93.17273576
193,588 B,IMPERIAL GOLD,350,200,170,11.9,1419.33,39,866.06,0,0,,72.77815126
194,589 A,IMPERIAL GOLD,335,205,195,13.391625,2405.62,,,72,,0,0
195,589 B,IMPERIAL GOLD,335,205,195,13.391625,2544.35,,,72,,,0
196,590 A,IMPERIAL GOLD,350,185,205,13.27375,2037.75,64,1819.78,0,0,3741.1,137.0961484
197,590 B,IMPERIAL GOLD,350,185,205,13.27375,2247.46,70,1921.32,0,0,,144.7458329
198,591,IMPERIAL GOLD,350,100,130,4.55,1283.57,39,1145.77,0,0,1145.77,251.8175824
199,592 A,IMPERIAL GOLD,350,190,195,12.9675,2190,68,1807.45,0,0,3175.78,139.3830731
200,592 B,IMPERIAL GOLD,350,190,195,12.9675,2108.02,60,1368.33,0,0,,105.5199537
201,593 A,IMPERIAL GOLD,345,200,210,14.49,2410.32,75,1953.21,0,0,4264.11,134.7971014
202,593 B,IMPERIAL GOLD,345,200,210,14.49,2642.35,76,2310.9,0,0,,159.4824017
203,594 A,IMPERIAL GOLD,340,195,60,3.978,792.48,23,654.25,0,0,1550.21,164.4670689
204,594 B,IMPERIAL GOLD,340,195,60,3.978,948.95,32,895.96,0,0,,225.2287582
205,595,IMPERIAL GOLD,350,105,125,4.59375,1378.22,44,1086.13,0,0,1086.13,236.4364626
206,596,IMPERIAL GOLD,350,150,110,5.775,1939.54,56,1577.98,0,0,1577.98,273.24329
207,597 A,IMPERIAL GOLD,315,200,95,5.985,1211.17,40,983.65,0,0,1829.64,164.352548
208,597 B,IMPERIAL GOLD,315,200,95,5.985,1099.475,38,845.99,0,0,,141.3517126
209,598,IMPERIAL GOLD,350,195,215,14.67375,4918.72,70,4281.26,0,0,4281.26,291.7631826
210,599 A,IMPERIAL GOLD,350,195,205,13.99125,2293.14,65,1963,0,0,4114.78,140.3019744
211,599 B,IMPERIAL GOLD,350,195,205,13.99125,2389.09,72,2151.78,0,0,,153.7946931
212,600 A,IMPERIAL GOLD,250,190,65,3.0875,797.18,35,708.42,0,0,1138.85,229.4477733
213,600 B,IMPERIAL GOLD,250,190,65,3.0875,470.35,25,430.43,0,0,,139.4105263
214,601,IMPERIAL GOLD,340,130,115,5.083,1182.1,35,997.32,0,0,997.32,196.2069644
215,602 A,IMPERIAL GOLD,350,205,200,14.35,2529.63,72,2048.06,0,0,4140.15,142.7219512
216,602 B,IMPERIAL GOLD,350,205,200,14.35,2606.72,72,2092.09,0,0,,145.7902439
217,603,IMPERIAL GOLD,256,130,45,1.4976,522.05,20,654,0,0,654,436.6987179
218,607 A,IMPERIAL GOLD,340,190,185,11.951,2994.6,96,2794.39,0,0,4813.96,233.8206008
219,607 B,IMPERIAL GOLD,340,190,185,11.951,2561.8,71,2019.57,0,0,,168.9875324
220,608 A,IMPERIAL GOLD,340,205,210,14.637,2854.6,39,2209.14,0,0,5211.592424,150.9284689
221,608 B,IMPERIAL GOLD,340,205,210,14.637,2677.47,33,925.99,41,1150.472424,,141.8639355
222,608 C,IMPERIAL GOLD,340,205,210,14.637,878.03,34,925.99,0,0,,63.26364692
223,609,IMPERIAL GOLD,350,200,215,15.05,5333.5,77,4243.49,0,0,4243.49,281.9594684
224,610,IMPERIAL GOLD,330,200,205,13.53,5050.84,69,4330.63,0,0,4330.63,320.0761271
225,611 A,IMPERIAL GOLD,350,190,180,11.97,2426.2,71,2018.28,0,0,3858.096,168.6115288
226,611 B,IMPERIAL GOLD,350,190,180,11.97,2287.56,25,666.6,44,1173.216,,153.7022556
227,612 A,IMPERIAL GOLD,350,200,115,8.05,1164.2,33,898.92,0,0,2134.66,111.6670807
228,612 B,IMPERIAL GOLD,350,200,115,8.05,1341.45,41,1235.74,0,0,,153.5080745
229,613 A,IMPERIAL GOLD,340,205,205,14.2885,2387.02,70,1319.84,0,0,2981.97,92.3707877
230,613 B,IMPERIAL GOLD,340,205,205,14.2885,2312.43,70,1662.13,0,0,,116.3264163
231,650 A,IMPERIAL GOLD,333,200,150,9.99,1298.170075,49,1061.83,0,0,2052.19,106.2892893
232,650 B,IMPERIAL GOLD,333,200,150,9.99,1085.037675,48,990.36,0,0,,99.13513514
233,651,IMPERIAL GOLD,335,80,100,2.68,1202.55,42,1077.18,0,0,1077.18,401.9328358
234,652 A,IMPERIAL GOLD,355,190,140,9.443,1948.14,61,1787.72,0,,3428.06,189.3169544
235,652 B,IMPERIAL GOLD,355,190,140,9.443,1741.8,58,1640.34,0,0,,173.7096262
236,653 A,IMPERIAL GOLD,340,180,150,9.18,1202.583423,34,615.82,15,271.6852941,2121.285294,96.67813661
237,653 B,IMPERIAL GOLD,340,180,150,9.18,1500.11,51,1233.78,0,0,,134.3986928
238,654 A,IMPERIAL GOLD,340,200,180,12.24,2319.21,70,1823.38,0,0,2793.27,148.9689542
239,654 B,IMPERIAL GOLD,340,200,180,12.24,1002.691066,69,969.89,0,0,,79.23937908
240,655 A,IMPERIAL GOLD,355,150,90,4.7925,819.78,34,772.32,0,0,1712.8,161.1517997
241,655 B,IMPERIAL GOLD,355,150,90,4.7925,1054.87,35,940.48,0,0,,196.2399583
242,656 A,IMPERIAL GOLD,350,205,220,15.785,2509.08,70,2241.77,0,0,4606.52,142.0190054
243,656 B,IMPERIAL GOLD,350,205,220,15.785,2765.05,76,2364.75,0,0,,149.8099462
244,657 A,IMPERIAL GOLD,345,200,200,13.8,2248.55,68,1951.49,0,0,4233.362222,141.4123188
245,657 B,IMPERIAL GOLD,345,200,200,13.8,2446.95,54,1665.15,20,616.7222222,,165.3530596
246,680,IMPERIAL GOLD,345,200,120,8.28,2927.8,40,2354.17,0,0,2354.17,284.3200483
247,681 A,IMPERIAL GOLD,350,215,160,12.04,1649.69,52,1472.67,0,0,2468.07,122.3147841
248,681 B,IMPERIAL GOLD,350,215,160,12.04,1301.95,36,995.4,0,0,,82.6744186
249,682 A,IMPERIAL GOLD,350,210,90,6.615,1010.089,23,715.41,0,0,1236.6,108.1496599
250,682 B,IMPERIAL GOLD,350,210,90,6.615,1117.87,30,521.19,0,0,,78.78911565
251,683,IMPERIAL GOLD,350,190,90,5.985,597.94,26,540.03,0,0,540.03,90.23057644
252,684,IMPERIAL GOLD,350,120,115,4.83,1431.61,41,1331.8,0,0,1331.8,275.7349896
253,685 A,IMPERIAL GOLD,340,200,55,3.74,,,,0,,676.17,0
254,685 B,IMPERIAL GOLD,340,200,55,3.74,685.68,26,676.17,0,0,,180.7941176
255,686 A,IMPERIAL GOLD,350,200,40,12.04,634.02,23,709.73,0,0,1567.27,58.94767442
256,686 B,IMPERIAL GOLD,350,200,40,12.04,562.15,17,339.31,0,0,,28.18189369
257,686 C,IMPERIAL GOLD,350,200,40,12.04,797.11,22,518.23,0,0,,43.0423588
258,687 A,IMPERIAL GOLD,330,210,100,6.93,589.02,18,540.06,0,0,1650.81,77.93073593
259,687 B,IMPERIAL GOLD,330,210,100,6.93,1243.49,38,1110.75,0,0,,160.2813853
260,688 A,IMPERIAL GOLD,355,205,190,13.82725,2317.33,66,2193.91,0,0,4076.62,158.6656783
261,688 B,IMPERIAL GOLD,355,205,190,13.82725,2012.91,55,1882.71,0,0,,136.1593954
262,689 A,IMPERIAL GOLD,340,200,165,11.22,1754.7,60,1689.92,0,0,2453.68,150.6167558
263,689 B,IMPERIAL GOLD,340,200,165,11.22,944,29,763.76,0,0,,68.07130125
264,689 C,IMPERIAL GOLD,340,200,165,11.22,1012,,,29,,,0
265,690 A,IMPERIAL GOLD,320,195,115,7.176,1341.66,36,1010.94,5,,1010.94,140.8779264
266,690 B,IMPERIAL GOLD,320,195,115,7.176,,,,,,,0
267,691,IMPERIAL GOLD,330,145,155,7.41675,1865.18,52,1193.81,5,114.7894231,1567.199423,176.4383892
268,691 B,IMPERIAL GOLD,330,145,155,7.41675,,,,,,,0
269,691 C,IMPERIAL GOLD,330,145,155,7.41675,297.03,12,258.6,0,0,,34.86702397
270,692,IMPERIAL GOLD,340,205,200,13.94,4830.99,68,4497.42,0,0,4497.42,322.6269727
271,693 A,IMPERIAL GOLD,260,105,45,1.2285,806.24,26,599.53,0,0,1479.24,488.017908
272,693 B,IMPERIAL GOLD,260,105,45,1.2285,1219.24,36,879.71,0,0,,716.0846561
273,694 A,IMPERIAL GOLD,305,210,115,7.36575,,,,0,,1272.5,0
274,694 B,IMPERIAL GOLD,305,210,115,7.36575,1508.34,50,1272.5,0,0,,172.7590537
275,695,IMPERIAL GOLD,345,190,100,6.555,2165.916039,59,1874.25,0,0,1874.25,285.9267735
276,696,IMPERIAL GOLD,350,205,140,10.045,439.181916,,,30,,0,0
277,697 A,IMPERIAL GOLD,335,120,100,4.02,1058.37,,,30,,1034.3,0
278,697 B,IMPERIAL GOLD,335,120,100,4.02,1215.12,42,1034.3,0,0,,257.2885572
279,698 A,IMPERIAL GOLD,350,205,160,11.48,1503.86,54,1375.5,0,0,2866.05,119.8170732
280,698 B,IMPERIAL GOLD,350,205,160,11.48,1677.63,53,1490.55,0,0,,129.8388502
281,699 A,IMPERIAL GOLD,340,205,140,9.758,1829.14,52,1499.57,0,0,3045.15,153.6759582
282,699 B,IMPERIAL GOLD,340,205,140,9.758,1881.48,53,1545.58,0,0,,158.3910637
283,700 A,IMPERIAL GOLD,320,205,100,6.56,1130.82,32,858.26,0,0,1471.48,130.8323171
284,700 B,IMPERIAL GOLD,320,205,100,6.56,875.22,28,613.22,0,0,,93.47865854
285,701 A,IMPERIAL GOLD,330,200,60,3.96,,,,0,,543.34,0
286,701 B,IMPERIAL GOLD,330,200,60,3.96,582.88,19,543.34,0,0,,137.2070707
287,702 A,IMPERIAL GOLD,290,205,130,7.7285,,,,0,,1219.42,0
288,702 B,IMPERIAL GOLD,290,205,130,7.7285,1498.3,50,1219.42,0,0,,157.7822346
289,703-A,IMPERIAL GOLD,340,205,120,8.364,,20,580.62,-20,,580.62,69.41893831
290,704 A,IMPERIAL GOLD,340,200,183,12.444,2364.26,69,2131.79,0,0,4087.62,171.3106718
291,704 B,IMPERIAL GOLD,340,200,183,12.444,2156.89,66,1955.83,0,0,,157.1705239
292,705 A,IMPERIAL GOLD,350,200,135,9.45,756.47,21,673.7,0,0,2820.44,71.29100529
293,705 B,IMPERIAL GOLD,350,200,135,9.45,1765.11,45,1422.79,0,0,,150.5597884
294,705 C,IMPERIAL GOLD,350,200,135,9.45,744.03,33,723.95,0,0,,76.60846561
295,706 A,IMPERIAL GOLD,350,105,110,4.0425,1569.48,27,854.99,16,506.6607407,2388.060741,336.8338258
296,706 B,IMPERIAL GOLD,350,105,110,4.0425,1254.27,41,1026.41,0,0,,253.9047619
297,706 C,IMPERIAL GOLD,350,105,110,4.0425,319.6986006,,,15,,,0
298,707 A,IMPERIAL GOLD,325,200,95,6.175,1313.48,37,1137.88,0,0,1920.01,184.2720648
299,707 B,IMPERIAL GOLD,325,200,95,6.175,1012.67,32,782.13,0,0,,126.6607287
300,708 A,IMPERIAL GOLD,340,205,60,4.182,837.03,27,740.24,0,0,1326.73,177.0062171
301,708 B,IMPERIAL GOLD,340,205,60,4.182,447.5780409,22,586.49,0,0,,140.2415112
302,709 A,IMPERIAL GOLD,350,190,70,4.655,542.52,28,609.46,0,0,609.46,130.9258861
303,709 B,IMPERIAL GOLD,350,190,70,4.655,1163.21,35,769.98,0,0,,165.4092374
304,709 C,IMPERIAL GOLD,350,190,70,4.655,658.7728741,,,20,,,0
305,744 A,IMPERIAL GOLD,350,170,105,6.2475,800.83,31,564.36,0,0,1443.38,90.33373349
306,744 B,IMPERIAL GOLD,350,170,105,6.2475,1236.13,44,879.02,0,0,,140.6994798
307,745 A,IMPERIAL GOLD,300,120,140,5.04,1553.63,48,1357.26,0,0,1662.5,269.297619
308,745 B,IMPERIAL GOLD,300,120,140,5.04,467.76,14,305.24,0,0,,60.56349206
309,746 A,IMPERIAL GOLD,335,185,115,7.127125,1457.53,30,688.78,22,505.1053333,2325.145333,167.5128938
310,746 B,IMPERIAL GOLD,335,185,115,7.127125,1674.7,24,522.12,28,609.14,,158.725994
311,747 A,IMPERIAL GOLD,340,190,165,10.659,7952.48,55,1274.4,0,0,1274.4,119.5609344
312,747 B,IMPERIAL GOLD,340,190,165,10.659,1334.4,,,43,,,0
313,748 A,IMPERIAL GOLD,280,205,105,6.027,566.61,20,473.08,0,0,1313.57,78.49344616
314,748 B,IMPERIAL GOLD,280,205,105,6.027,1160.35,40,840.49,0,0,,139.4541231
315,749 A,IMPERIAL GOLD,330,205,110,7.4415,1946.99,56,1705.21,0,0,3135.85,229.1486931
316,749 B,IMPERIAL GOLD,330,205,110,7.4415,1529.78,58,1430.64,0,0,,192.2515622
317,750 A,IMPERIAL GOLD,340,205,120,8.364,1722.77,50,1487.53,0,0,2832.36,177.8491153
318,750 B,IMPERIAL GOLD,340,205,120,8.364,1612.01,48,1344.83,0,,,160.7879005
319,892 A,IMPERIAL GOLD,300,190,130,7.41,2002.125942,59,1654.59,0,0,2697.91,223.291498
320,892 B,IMPERIAL GOLD,300,190,130,7.41,880.9472551,45,1043.32,0,0,,140.7989204
321,893 A,IMPERIAL GOLD,340,150,110,5.61,946.3078579,38,866.57,0,0,1384.3,154.4688057
322,893 B,IMPERIAL GOLD,340,150,110,5.61,482.2389666,20,517.73,0,0,,92.28698752
323,894 A,IMPERIAL GOLD,350,205,190,13.6325,2342.303552,64,1997.33,0,0,4022.2,146.5123785
324,894 B,IMPERIAL GOLD,350,205,190,13.6325,2413.885899,65,2024.87,0,0,,148.5325509
325,895,IMPERIAL GOLD,345,100,200,6.9,1922.066738,,,62,,0,0
326,896 A,IMPERIAL GOLD,340,200,140,9.52,1765.511302,52,1544.27,0,0,3006.87,162.2132353
327,896 B,IMPERIAL GOLD,340,200,140,9.52,1627.039828,49,1462.6,0,0,,153.6344538
328,897 A,IMPERIAL GOLD,345,205,180,12.7305,2178.342304,68,1908.92,0,0,4145.7,149.9485488
329,897 B,IMPERIAL GOLD,345,205,180,12.7305,2314.74704,71,2236.78,0,0,,175.7024469
330,898 A,IMPERIAL GOLD,300,200,150,9,1779.332616,43,1146.87,14,373.3995349,1520.269535,168.9188372
331,898 B,IMPERIAL GOLD,300,200,150,9,1404.736276,,,45,,,0
332,899 A,IMPERIAL GOLD,300,200,70,4.2,869.0635091,29,714.69,0,0,1465.88,170.1642857
333,899 B,IMPERIAL GOLD,300,200,70,4.2,917.7610334,29,751.19,0,0,,178.8547619
334,900 A,IMPERIAL GOLD,300,195,150,8.775,1265.877287,,,40,,0,0
335,900 B,IMPERIAL GOLD,300,195,150,8.775,1120.355221,,,37,,,0
336,901,IMPERIAL GOLD,350,110,100,3.85,1229.709365,20,550.11,15,412.5825,962.6925,250.05
337,902 A,IMPERIAL GOLD,345,200,60,4.14,1030.785791,,,28,,0,0
338,902 B,IMPERIAL GOLD,345,200,60,4.14,1018.9,,,29,,,0
339,903 A,IMPERIAL GOLD,340,205,170,11.849,2203.643703,62,1894.65,0,,3238.14,159.8995696
340,903 B,IMPERIAL GOLD,340,205,170,11.849,1986.5662,56,1343.49,0,0,,113.3842518
341,904 A,IMPERIAL GOLD,345,195,170,11.43675,1111.410118,42,1211.65,17,490.4297619,3757.329762,148.8254759
342,904 B,IMPERIAL GOLD,345,195,170,11.43675,2170.753498,64,2055.25,0,0,,179.7057731
343,905A,IMPERIAL GOLD,330,205,135,9.13275,1587.255113,48,1447.22,0,0,1447.22,158.4648655
344,905 B,IMPERIAL GOLD,330,205,135,9.13275,548.12,,,19,,,0
345,906 A,IMPERIAL GOLD,340,200,190,12.92,1839.074273,43,1238.01,24,690.9823256,3835.992326,149.3028116
346,906 B,IMPERIAL GOLD,340,200,190,12.92,2170.398278,67,1907,0,0,,147.6006192
347,907 A,IMPERIAL GOLD,345,205,180,12.7305,2225.188375,64,1806.5,0,0,1806.5,141.9033031
348,908 A,IMPERIAL GOLD,350,185,180,11.655,2020.495156,71,1749.05,0,0,3684.91,150.0686401
349,908 B,IMPERIAL GOLD,350,185,180,11.655,2267.567277,72,1935.86,0,0,,166.0969541
350,909,IMPERIAL GOLD,345,100,190,6.555,1957.890205,58,1707.91,0,0,1707.91,260.5507246
351,910 A,IMPERIAL GOLD,290,200,125,7.25,723.3584499,,,40,,850.82,0
352,910 B,IMPERIAL GOLD,290,200,125,7.25,1136.878364,41,850.82,0,0,,117.3544828
353,1019 A,IMPERIAL GOLD,340,205,210,14.637,2557.588805,72,1859.83,0,0,2944.61,127.0636059
354,1019 B,IMPERIAL GOLD,340,205,210,14.637,968.3315393,30,847,0,0,,57.86704926
355,1019 C,IMPERIAL GOLD,340,205,210,14.637,363.8320775,16,237.78,0,0,,16.2451322
356,1020 A,IMPERIAL GOLD,340,190,190,12.274,1656.74,53,1391.08,0,0,3497.51,113.3355059
357,1020 B,IMPERIAL GOLD,340,190,190,12.274,2237.890205,71,2106.43,0,0,,171.6172397
358,1021 A,IMPERIAL GOLD,320,205,155,10.168,1637.922497,53,1405.76,0,0,2747.84,138.2533438
359,1021 B,IMPERIAL GOLD,320,205,155,10.168,1473.240043,52,1342.08,0,0,,131.9905586
360,1022 A,IMPERIAL GOLD,340,200,170,11.56,1901.399354,60,1698.27,0,0,3346.53,146.9091696
361,1022 B,IMPERIAL GOLD,340,200,170,11.56,1951.001076,59,1648.26,0,0,,142.583045
362,1023 A,IMPERIAL GOLD,355,200,65,4.615,1293.756728,35,657.57,0,0,1390.730455,142.4853738
363,1023 B,IMPERIAL GOLD,355,200,65,4.615,911.4316469,22,597.39,5,135.7704545,,158.8646705
364,1024,IMPERIAL GOLD,345,195,195,13.118625,5000.086114,68,4441.23,0,0,4441.23,338.5438642
365,1025 A,IMPERIAL GOLD,350,200,110,7.7,2525.296017,66,2128.34,2,64.49515152,2192.835152,284.7837859
366,1025 B,IMPERIAL GOLD,350,200,110,7.7,479.547901,,,15,,,0
367,1026 A,IMPERIAL GOLD,350,205,100,7.175,1227.642626,36,510.25,0,0,1688.9,71.11498258
368,1026 B,IMPERIAL GOLD,350,205,100,7.175,1253.218515,36,1178.65,0,0,,164.271777
369,1027 A,IMPERIAL GOLD,350,205,190,13.6325,2226.361679,64,1936.64,0,0,3992.15,142.0605171
370,1027 B,IMPERIAL GOLD,350,205,190,13.6325,2378.53606,73,2055.51,0,0,,150.780121
371,1028,IMPERIAL GOLD,350,185,195,12.62625,4746.071044,71,4047.37,0,0,4047.37,320.5520246
372,1029 A,IMPERIAL GOLD,345,190,190,12.4545,1317.545748,69,1116.43,0,0,2846.37,89.64069212
373,1029 B,IMPERIAL GOLD,345,190,190,12.4545,2171.754575,69,1729.94,0,0,,138.9007989
374,1029 C,IMPERIAL GOLD,345,190,190,12.4545,835.4790097,,,45,,,0
375,1078,IMPERIAL GOLD,340,200,190,12.92,4333.692142,68,4017.04,0,0,4017.04,310.9164087
376,1079,IMPERIAL GOLD,350,200,195,13.65,5072.55113,70,4365.26,0,0,4365.26,319.7992674
377,1080,IMPERIAL GOLD,345,195,200,13.455,4902.04521,69,4274.54,0,0,4274.54,317.6915645
378,1081,IMPERIAL GOLD,350,200,200,14,4977.395048,3,190.96,65,4137.466667,4328.426667,309.1733333
379,1082 A,IMPERIAL GOLD,350,190,200,13.3,2424.284177,72,2020.87,0,0,4050.36,151.9451128
380,1082 B,IMPERIAL GOLD,350,190,200,13.3,2333.799785,73,2029.49,0,0,,152.5932331
381,1083,IMPERIAL GOLD,350,120,190,7.98,2217.868676,60,1757.87,0,0,1757.87,220.2844612
382,1084 A,IMPERIAL GOLD,350,120,200,8.4,838.53,41,738.11,0,0,738.11,87.8702381
383,1084 B,IMPERIAL GOLD,350,120,200,8.4,,,,0,,,0
384,1085 A,IMPERIAL GOLD,345,185,165,10.531125,1967.212056,,,71,,0,0
385,1085 B,IMPERIAL GOLD,345,185,165,10.531125,2164.068891,,,73,,,0
386,1086,IMPERIAL GOLD,330,90,200,5.94,2262.755651,55,1638.16,10,297.8472727,1936.007273,325.9271503
387,1087,IMPERIAL GOLD,340,200,150,10.2,3894.510226,56,3702.83,0,0,3702.83,363.022549
388,1116 A,IMPERIAL GOLD,350,170,210,12.495,1873.842842,64,1532.25,0,0,2913.896,122.6290516
389,1116 B,IMPERIAL GOLD,350,170,210,12.495,1054.036598,36,844.45,0,0,,67.58303321
390,1116 C,IMPERIAL GOLD,350,170,210,12.495,764.6447793,20,370.48,9,166.716,,42.99287715
391,1117 A,IMPERIAL GOLD,320,150,100,4.8,678.1485468,40,804.79,0,0,1686.63,167.6645833
392,1117 B,IMPERIAL GOLD,320,150,100,4.8,1107.642626,49,881.84,0,0,,183.7166667
393,1118 A,IMPERIAL GOLD,330,150,210,10.395,1688.008611,66,1532.4,0,0,2847.84,147.4170274
394,1118 B,IMPERIAL GOLD,330,150,210,10.395,1658.449946,71,1315.44,0,0,,126.5454545
395,1119 A,IMPERIAL GOLD,335,140,200,9.38,,,,0,,934.9966667,0
396,1119 B,IMPERIAL GOLD,335,140,200,9.38,600.3229279,34,622.51,0,0,,66.36567164
397,1119 C,IMPERIAL GOLD,335,140,200,9.38,372.2282024,15,246.7,4,65.78666667,,33.31414357
398,1120 A,IMPERIAL GOLD,350,150,140,7.35,1259.41873,49,1084.85,0,0,2273.85,147.5986395
399,1120 B,IMPERIAL GOLD,350,150,140,7.35,1419.364909,49,1189,0,0,,161.7687075
400,1121,IMPERIAL GOLD,350,130,170,7.735,2058.858988,59,1726.04,0,0,1726.04,223.1467356
401,1122 A,IMPERIAL GOLD,350,150,120,6.3,1185.791173,45,901.62,0,0,1613.22,143.1142857
402,1122 B,IMPERIAL GOLD,350,150,120,6.3,384.2841765,14,284.64,21,426.96,,112.952381
403,1123 A,IMPERIAL GOLD,300,180,130,7.02,,,,0,,879.0464,0
404,1123 B,IMPERIAL GOLD,300,180,130,7.02,1079.870829,25,578.32,13,300.7264,,125.2202849
405,1124,IMPERIAL GOLD,330,130,90,3.861,1475.651238,17,372,25,547.0588235,919.0588235,238.0364733
406,1125 A,IMPERIAL GOLD,340,190,125,8.075,2798.708288,40,2451.43,0,0,2451.43,303.5826625
407,1125 B,IMPERIAL GOLD,350,190,120,7.98,2927.87944,40,2233.97,0,0,2617.36,279.9461153
408,1125 C,IMPERIAL GOLD,350,190,120,7.98,462.949408,13,383.39,0,0,,48.04385965
409,1126 A,IMPERIAL GOLD,355,205,200,14.555,2337.351991,70,1985.52,0,0,3788.6,136.4149777
410,1126 B,IMPERIAL GOLD,355,205,200,14.555,2468.568353,71,1803.08,0,0,,123.8804535
411,1127 A[A1],IMPERIAL GOLD,340,190,115,7.429,2173.950484,68,1926.88,0,0,1926.88,259.3727285
412,1127 B[A2],IMPERIAL GOLD,345,200,120,8.28,23598.70829,65,1716.8,0,0,2581.45,207.3429952
413,1127 B1,IMPERIAL GOLD,345,200,120,8.28,514.262648,7,434.74,0,0,,52.50483092
414,1127 B2 ,IMPERIAL GOLD,345,200,120,8.28,477.416577,7,429.91,0,0,,51.92149758
415,1128 A,IMPERIAL GOLD,345,205,155,10.962375,1692.314316,68,1271.56,0,0,2802.78,115.9931128
416,1128  B,IMPERIAL GOLD,345,205,155,10.962375,1692.314316,68,1531.22,0,0,,139.6795859
417,1129 A,IMPERIAL GOLD,340,200,85,5.78,782,15,404.82,8,215.904,1880.404,107.3916955
418,1129 B,IMPERIAL GOLD,340,200,85,5.78,1432.831001,45,1259.68,0,0,,217.9377163
420,1134 A,IMPERIAL GOLD,355,155,205,11.280125,1845.694295,71,1408.71,0,0,2888.393448,124.8842544
421,1134 B,IMPERIAL GOLD,355,155,205,11.280125,1765.511302,58,1280.92,9,198.7634483,,131.176157
422,1135 A,IMPERIAL GOLD,345,160,200,11.04,1661.657696,48,1292.91,0,0,2803.57,117.111413
423,1135 B,IMPERIAL GOLD,345,160,200,11.04,1714.208827,50,1510.66,0,0,,136.8351449
424,1136,IMPERIAL GOLD,340,100,200,6.8,1730,62,1892.92,0,0,1892.92,278.3705882
425,1137 B,IMPERIAL GOLD,355,170,180,10.863,1805.941873,52,1104.92,10,212.4846154,3210.343544,121.2744744
426,1137 A,IMPERIAL GOLD,355,170,180,10.863,1818.729817,56,1606.13,10,286.8089286,,174.2556318
427,1138 A,IMPERIAL GOLD,340,180,160,9.792,1333.735199,44,1149.85,0,0,2774.63,117.4274918
428,1138 B,IMPERIAL GOLD,340,180,160,9.792,1835.780409,65,1624.78,0,0,,165.9293301
429,1139,IMPERIAL GOLD,350,140,230,11.27,2317.976319,75,1247.52,0,0,1247.52,110.6938776
430,1140 A,IMPERIAL GOLD,340,170,190,10.982,720.3875135,61,1201.91,4,78.81377049,2415.00857,116.6202668
431,1140 B,IMPERIAL GOLD,340,170,190,10.982,1571.173305,50,1070.08,3,64.2048,,103.2858131
432,1141 A,IMPERIAL GOLD,350,140,190,9.31,922.3896663,38,981.07,3,77.45289474,1957.672895,113.6974108
433,1141 B,IMPERIAL GOLD,350,140,190,9.31,984.67169,33,899.15,0,0,,96.57894737
434,1141 C,IMPERIAL GOLD,350,140,190,9.31,326.803014,,,10,,,0
435,1154 A,IMPERIAL GOLD,350,200,130,9.1,1750.527449,56,1594.52,0,0,3062.388302,175.221978
436,1154 B,IMPERIAL GOLD,350,200,130,9.1,1546.178687,53,1364.86,4,103.0083019,,161.304209
437,1155 A,IMPERIAL GOLD,240,205,155,7.626,1334.44564,70,1173.3,0,0,2384.72,153.8552321
438,1155 B,IMPERIAL GOLD,240,205,155,7.626,1265.123789,70,1211.42,0,0,,158.8539208
439,1156 A,IMPERIAL GOLD,340,105,210,7.497,1491.926803,,,70,,951.5612903,0
440,1156 B,IMPERIAL GOLD,340,105,210,7.497,1383.423036,31,491.64,29,459.9212903,,126.925609
441,1157 A,IMPERIAL GOLD,350,100,100,3.5,1357.653391,39,577.98,0,0,1622.18,165.1371429
442,1157 B,IMPERIAL GOLD,350,100,100,3.5,452.5511302,13,380.13,0,0,,108.6085714
443,1157 C,IMPERIAL GOLD,350,100,100,3.5,712.48,22,664.07,0,0,,189.7342857
445,1204 A,IMPERIAL GOLD,350,205,80,5.74,1335.629709,34,823.84,6,,1728.94,143.5261324
446,1204 B,IMPERIAL GOLD,350,205,80,5.74,1000.710441,43,905.1,0,0,,157.6829268
447,1205-A,IMPERIAL GOLD,340,200,190,12.92,1288.61,28,496.52,15,,496.52,38.43034056
448,1205-B,IMPERIAL GOLD,340,200,190,12.92,1085.04,,,35,,,0
449,1205-C,IMPERIAL GOLD,340,200,190,12.92,920.99,26,684.79,5,,,53.00232198
450,1206,IMPERIAL GOLD,345,170,210,12.3165,4015.672766,,,58,,0,0
451,1207,IMPERIAL GOLD,350,205,190,13.6325,,,,0,,0,0
452,1208,IMPERIAL GOLD,340,210,170,12.138,4377.029064,60,3576.5,1,,3576.5,294.6531554
453,1209,IMPERIAL GOLD,340,150,200,10.2,,,,0,,0,0
454,1210 A,IMPERIAL GOLD,350,135,160,7.56,1057.911733,34,700.53,8,164.8305882,1446.230588,114.4656863
455,1210 B,IMPERIAL GOLD,350,135,160,7.56,,22,580.87,-22,,,76.83465608
456,1211,IMPERIAL GOLD,340,75,100,2.55,1126.480086,46,982.35,0,,982.35,385.2352941
457,1212 A,IMPERIAL GOLD,290,190,160,8.816,1637.201292,55,1432.15,0,0,2849.72,162.4489564
458,1212 B,IMPERIAL GOLD,290,190,160,8.816,1765.597417,60,1417.57,0,0,,160.7951452
459,1213 A,IMPERIAL GOLD,330,200,110,7.26,937.007535,32,797.33,4,99.66625,1729.485038,123.5532025
460,1213 B,IMPERIAL GOLD,330,200,110,7.26,1200.80732,33,742.49,4,89.99878788,,114.6678771
461,1214 A,IMPERIAL GOLD,345,205,200,14.145,2645.683531,,,38,,1414.83,0
462,1214 B,IMPERIAL GOLD,345,205,200,14.145,874.2303552,27,689.16,0,0,,48.72110286
463,1214 C,IMPERIAL GOLD,345,205,200,14.145,626.9106566,29,725.67,0,0,,51.30222694
464,1215 A,IMPERIAL GOLD,350,140,200,9.8,1921.420883,77,1579.52,0,0,1579.52,161.1755102
465,1215 B,IMPERIAL GOLD,350,140,200,9.8,,,,0,,,0
466,1216 A,IMPERIAL GOLD,340,190,200,12.92,2320.301399,71,2004.55,0,0,3996.432097,155.1509288
467,1216 B,IMPERIAL GOLD,340,190,200,12.92,2373.035522,62,1739.39,9,252.4920968,,154.1704409
468,1217 A,IMPERIAL GOLD,350,205,100,7.175,1137.061356,36,1029.33,0,0,2045.39,143.4606272
469,1217 B,IMPERIAL GOLD,350,205,100,7.175,1183.595264,36,1016.06,0,0,,141.6111498
470,1218 A,IMPERIAL GOLD,220,160,105,3.696,522.1743811,32,483.86,0,0,1058.17,130.9145022
471,1218 B,IMPERIAL GOLD,220,160,105,3.696,585.4682454,37,574.31,0,0,,155.3869048
472,1219 A,IMPERIAL GOLD,215,205,170,7.49275,790.5274489,46,702.21,5,76.32717391,1780.619107,103.9053984
473,1219 B,IMPERIAL GOLD,215,205,170,7.49275,616.6630786,17,289.75,14,238.6176471,,70.51718622
474,1219 C,IMPERIAL GOLD,215,205,170,7.49275,607.621098,28,414.5,4,59.21428571,,63.22302035
475,1220 A,IMPERIAL GOLD,345,165,95,5.407875,974.8385361,35,806.29,0,0,1661.28,149.095532
476,1220  B,IMPERIAL GOLD,345,165,95,5.407875,974.8385361,37,854.99,0,0,,158.1009176
477,1221 A,IMPERIAL GOLD,330,200,215,14.19,,,,0,,1719.686296,0
478,1221 B,IMPERIAL GOLD,330,200,215,14.19,902.9332616,30,843.94,0,0,,59.47427766
479,1221 C,IMPERIAL GOLD,330,200,215,14.19,1009.537137,27,815.35,2,60.3962963,,61.71573617
480,1222 A,IMPERIAL GOLD,330,195,205,13.19175,2164.327234,69,1784.13,0,0,3687.34,135.2458923
481,1222 B,IMPERIAL GOLD,330,195,205,13.19175,2239.666308,66,1903.21,0,0,,144.2727462
482,1296-A,IMPERIAL GOLD,300,150,145,6.525,1136.383208,51,1049.29,0,0,2143.58,160.810728
483,1296-B,IMPERIAL GOLD,300,150,145,6.525,1180.947255,53,1094.29,0,0,,167.7072797
484,1297-A,IMPERIAL GOLD,300,195,175,10.2375,1571.851453,,,55,,0,0
485,1297-B,IMPERIAL GOLD,300,195,175,10.2375,,,,,,,0
486,1298-A,IMPERIAL GOLD,295,200,135,7.965,1531.646932,51,1308.82,0,0,1308.82,164.3214062
487,1298-B,IMPERIAL GOLD,295,200,135,7.965,1349.795479,,,,,,0
488,1299,IMPERIAL GOLD,200,105,75,1.575,559.7416577,28,545.31,0,0,545.31,346.2285714
489,1300,IMPERIAL GOLD,260,90,95,2.223,926.803014,28,700.25,13,325.1160714,1025.366071,461.2532935
490,1301,IMPERIAL GOLD,275,105,65,1.876875,733.5844995,20,628.96,9,283.032,911.992,485.9098235
491,1302-A,IMPERIAL GOLD,340,170,135,7.803,1468.245425,55,1440.85,0,0,2681.588636,184.6533385
492,1302-B,IMPERIAL GOLD,340,170,135,7.803,1356.297094,44,1091.85,6,148.8886364,,159.0078991
493,1303-A,IMPERIAL GOLD,340,205,170,11.849,1914.800861,58,1675.95,0,0,3258.122222,141.4423158
494,1303-B,IMPERIAL GOLD,340,205,170,11.849,1580.538213,54,1498.9,3,83.27222222,,133.5279114
495,1304-A,IMPERIAL GOLD,325,210,160,10.92,1339.246502,46,1259.7,2,54.76956522,2330.349565,120.3726708
496,1304-B,IMPERIAL GOLD,325,210,160,10.92,878.5791173,57,1015.88,0,0,,93.02930403
497,1305,IMPERIAL GOLD,340,100,100,3.4,1327.018299,37,1268.25,3,102.8310811,1371.081081,403.2591415
498,1306-A,IMPERIAL GOLD,300,200,105,6.3,,,,,,844.25,0
499,1306-B,IMPERIAL GOLD,300,200,105,6.3,987.0613563,34,844.25,0,0,,134.0079365
500,1307-A,IMPERIAL GOLD,330,170,170,9.537,1930.678149,60,1739.06,0,0,1739.06,182.348747
501,1307-B,IMPERIAL GOLD,330,170,170,9.537,,,,,,,0
502,1308-A,IMPERIAL GOLD,250,95,100,2.375,720.3875135,30,553.31,3,55.331,1924.641,256.2698947
503,1308-B,IMPERIAL GOLD,250,95,100,2.375,592.8955867,34,635.3,0,0,,267.4947368
504,1308-C,IMPERIAL GOLD,250,95,100,2.375,824.1119483,33,680.7,0,0,,286.6105263
505,1309,IMPERIAL GOLD,340,110,60,2.244,824.1119483,,,25,,0,0
506,1310,IMPERIAL GOLD,305,115,110,3.85825,1186.759957,40,977.56,5,122.195,1099.755,285.0398497
507,1311-A,IMPERIAL GOLD,330,200,180,11.88,2576.103337,40,2614.06,0,0,3804.47,220.0387205
508,1311-B,IMPERIAL GOLD,330,200,180,11.88,1406.350915,20,1190.41,0,0,,100.202862
509,1312,IMPERIAL GOLD,320,105,200,6.72,1730.635091,,,,,0,0
510,1313-A,IMPERIAL GOLD,330,200,120,7.92,958.6221744,44,1229.73,0,0,2338.196667,155.2689394
511,1313-B,IMPERIAL GOLD,330,200,120,7.92,1252.960172,30,831.35,10,277.1166667,,139.9579125
512,1314-A,IMPERIAL GOLD,305,200,190,11.59,1675.694295,61,1681.98,0,0,3353.19,145.1233822
513,1314-B,IMPERIAL GOLD,305,200,190,11.59,1694.079656,61,1671.21,0,0,,144.1941329
514,1315,IMPERIAL GOLD,300,105,150,4.725,1489.020452,53,1475.55,0,0,1475.55,312.2857143
515,1316-A,IMPERIAL GOLD,330,130,120,5.148,1369.381055,43,1244.66,0,0,1244.66,241.7754468
516,1316-B,IMPERIAL GOLD,330,130,120,5.148,,,,,,,0
517,1317-A,IMPERIAL GOLD,280,200,150,8.4,1360.172228,53,1229.65,0,0,2185.549167,146.3869048
518,1317-B,IMPERIAL GOLD,280,200,150,8.4,1269.375673,12,216.43,41,739.4691667,,113.7975198
519,1319-A,IMPERIAL GOLD,200,175,165,5.775,1171.291712,53,932.75,4,70.39622642,1972.506226,173.7049743
520,1319-B,IMPERIAL GOLD,200,175,165,5.775,1192.335845,54,934.74,2,34.62,,167.8545455
521,1318,IMPERIAL GOLD,RECEIVED IN NEXT LOT,175,165,5.775,,,,,,,0
522,1320,IMPERIAL GOLD,330,200,190,12.54,4361.141012,72,3861.16,1,53.62722222,3914.787222,312.183989
523,1321-A,IMPERIAL GOLD,350,200,135,9.45,2927.87944,40,2703.66,0,0,3131.2725,286.1015873
524,1321-B,IMPERIAL GOLD,350,200,135,9.45,547.0398278,4,244.35,3,183.2625,,45.25
525,1318-A,IMPERIAL GOLD,335,205,200,13.735,2170.07535,,,70,,0,0
526,1318-B,IMPERIAL GOLD,335,205,200,13.735,2280.086114,,,70,,,0
527,1127-B [A1],IMPERIAL GOLD,340,200,120,8.16,1298.170075,,,40,,,0
528,1127-B [A2],IMPERIAL GOLD,340,200,120,8.16,1462.325081,,,44,,,0
529,1352-A,IMPERIAL GOLD,330,200,210,13.86,2421.184069,,,71,,,0
530,1352-B,IMPERIAL GOLD,330,200,210,13.86,2304.251884,,,71,,,0
531,1353-A,IMPERIAL GOLD,340,200,155,10.54,1788.53606,,,53,,,0
532,1353-B,IMPERIAL GOLD,340,200,155,10.54,1788.53606,,,53,,,0
533,1354-A,IMPERIAL GOLD,335,135,140,6.3315,1177.556512,,,51,,0,0
534,1354-B,IMPERIAL GOLD,335,135,140,6.3315,1154.467169,,,50,,,0
535,1355,IMPERIAL GOLD,335,200,200,13.4,5200.645856,,,70,,,0
536,1356-A,IMPERIAL GOLD,335,200,170,11.39,1935.414424,,,58,,,0
537,1356-B,IMPERIAL GOLD,335,200,170,11.39,1936.663079,,,58,,,0
538,1357-A,IMPERIAL GOLD,335,180,190,11.457,2226.722282,65,1981.16,0,0,1981.16,172.9213581
539,1357-B,IMPERIAL GOLD,335,180,190,11.457,1811.625404,,,66,,,0
540,1358-A,IMPERIAL GOLD,335,205,150,10.30125,,,,,,,0
541,1358-B,IMPERIAL GOLD,335,205,150,10.30125,2034.881593,,,57,,,0
542,1359,IMPERIAL GOLD,330,120,220,8.712,,,,,,,0
543,1360,IMPERIAL GOLD,290,160,120,5.568,,,,,,,0
544,1361-A,IMPERIAL GOLD,260,170,150,6.63,1126.501615,,,57,,,0
545,1361-B,IMPERIAL GOLD,260,170,150,6.63,,,,,,,0
546,1362-A,IMPERIAL GOLD,340,205,200,13.94,2370.742734,71,2003.13,0,,4282.31,143.6965567
547,1362-B,IMPERIAL GOLD,340,205,200,13.94,2522.066738,71,2279.18,0,,,163.4992826
548,1363-A,IMPERIAL GOLD,340,180,170,10.404,1543.78902,,,53,,,0
549,1363-B,IMPERIAL GOLD,340,180,170,10.404,1518.858988,,,54,,,0
550,1364-A,IMPERIAL GOLD,340,175,140,8.33,1290.096878,,,47,,,0
551,1364-B,IMPERIAL GOLD,340,175,140,8.33,1218.406889,,,49,,,0
552,1365-A,IMPERIAL GOLD,340,130,175,7.735,1862.820237,,,52,,,0
553,1365-B,IMPERIAL GOLD,340,130,175,7.735,,,,,,,0
554,1366,IMPERIAL GOLD,340,190,200,12.92,3789.364909,,,64,,,0
555,1367,IMPERIAL GOLD,340,130,140,6.188,0,,,47,,,0
556,1368-A,IMPERIAL GOLD,340,180,150,9.18,1825.349839,57,1619.89,0,0,3169.875455,176.4586057
557,1368-B,IMPERIAL GOLD,340,180,150,9.18,1668.891281,55,1495.6,2,54.38545455,,168.8437314
558,1369-A,IMPERIAL GOLD,350,200,160,11.2,1766.953714,,,50,,,0
559,1369-B,IMPERIAL GOLD,350,200,160,11.2,,,,,,,0
560,1370-A,IMPERIAL GOLD,350,165,200,11.55,2333.153929,75,2004.75,0,0,3909.35,173.5714286
561,1370-B,IMPERIAL GOLD,350,165,200,11.55,2110.010764,66,1904.6,0,0,,164.9004329
562,1371,IMPERIAL GOLD,340,110,110,4.114,1378.256189,,,40,,,0
563,1372-A,IMPERIAL GOLD,340,150,185,9.435,1818.945102,71,1557.11,0,0,1557.11,165.0355061
564,1372-B,IMPERIAL GOLD,340,150,185,9.435,1741.711518,,,69,,,0
565,1410-A,IMPERIAL GOLD,330,195,190,12.2265,1871.689989,,,69,,0,0
566,1410-B,IMPERIAL GOLD,330,195,190,12.2265,2180.344456,,,66,,,0
567,1411-A,IMPERIAL GOLD,345,190,210,13.7655,2659.892357,,,78,,0,0
568,1411-B,IMPERIAL GOLD,345,190,210,13.7655,2223.35845,,,75,,,0
569,1412-A,IMPERIAL GOLD,350,200,170,11.9,1909.666308,,,64,,0,0
570,1412-B,IMPERIAL GOLD,350,200,170,11.9,1969.34338,,,63,,,0
571,1413-A,IMPERIAL GOLD,340,180,165,10.098,992.8417653,,,43,,0,0
572,1413-B,IMPERIAL GOLD,340,180,165,10.098,1807.707212,,,64,,,0
573,1414,IMPERIAL GOLD,NOT RECEIVED,180,165,0,,,,,,,0
574,1415-A,IMPERIAL GOLD,340,190,130,8.398,1310.764263,,,45,,0,0
575,1415-B,IMPERIAL GOLD,340,190,130,8.398,1500.452099,,,48,,,0
576,1416,IMPERIAL GOLD,330,190,180,11.286,3972.271259,,,62,,,0
577,1417-A,IMPERIAL GOLD,330,200,170,11.22,1808.740581,,,59,,0,0
578,1417-B,IMPERIAL GOLD,330,200,170,11.22,1982.131324,,,62,,,0
579,1418-A,IMPERIAL GOLD,320,190,110,6.688,1138.724435,,,35,,,0
580,1418-B,IMPERIAL GOLD,320,190,110,6.688,1380.1507,,,44,,,0
581,1419-A,IMPERIAL GOLD,330,170,180,10.098,1604.305705,,,60,,1308.872308,0
582,1419-B,IMPERIAL GOLD,330,170,180,10.098,1631.044133,52,1115.76,9,193.1123077,,129.6169843
583,1420-A,IMPERIAL GOLD,350,200,185,12.95,2388.632939,27,888.2,40,1315.851852,4205.270852,170.1970542
584,1420-B,IMPERIAL GOLD,350,200,185,12.95,2318.880517,40,1212.86,26,788.359,,154.5342857
585,1421-A,IMPERIAL GOLD,305,150,195,8.92125,1457.050592,,,47,,0,0
586,1421-B,IMPERIAL GOLD,305,150,195,8.92125,1450.473628,,,47,,,0
587,1422,IMPERIAL GOLD,350,200,160,11.2,,,,,,,0
588,809 A,Himalayan Blue,340,200,220,14.96,2838.73,78,2246.11,0,0,4679.36,150.1410428
589,809 B,Himalayan Blue,340,200,220,14.96,2826.14,78,2433.25,0,0,,162.6504011
590,810 A,Himalayan Blue,345,205,210,14.852,2749.91,76,2223.88,0,0,4526.71,149.7360625
591,810 B,Himalayan Blue,345,205,210,14.852,2757.4,75,2302.83,0,0,,155.0518449
592,811 A,Himalayan Blue,340,200,210,14.28,2698.04,76,2079.9,0,0,4240.07,145.6512605
593,811 B,Himalayan Blue,340,200,210,14.28,2607.64,75,2160.17,0,0,,151.272409
594,812 A,Himalayan Blue,340,200,210,14.28,2055.44,76,1806.01,0,0,4118.57,126.4712885
595,812 B,Himalayan Blue,340,200,210,14.28,2725.86,76,2312.56,0,0,,161.9439776
596,813 A,Himalayan Blue,340,200,215,14.62,2830.93,77,2352.04,0,0,4479.888,160.878249
597,813 B,Himalayan Blue,340,200,215,14.62,2789.99,70,1959.86,6,167.988,,145.5436389
598,814 A,Himalayan Blue,340,200,205,13.94,2624.82,76,2110.75,0,0,4224.5,151.4167862
599,814 B,Himalayan Blue,340,200,205,13.94,2473.3,76,2113.75,0,0,,151.6319943
600,815 A,Himalayan Blue,340,200,210,14.28,2888.12,77,2405.33,0,0,4254.89,168.4404762
601,815 B,Himalayan Blue,340,200,210,14.28,2683.87,73,1849.56,0,0,,129.5210084
602,816 A,Himalayan Blue,340,200,215,14.62,2633.04,71,2061.96,0,0,4112.814,141.0369357
603,816 B,Himalayan Blue,340,200,215,14.62,2838.73,50,1314.65,28,736.204,,140.2772914
604,817 A,Himalayan Blue,340,200,215,14.62,2753.67,76,2262.13,0,0,4290.197,154.7284542
605,817 B,Himalayan Blue,340,200,215,14.62,2473.74,67,1941.15,3,86.917,,138.7186731
606,818 A,Himalayan Blue,340,200,215,14.62,2737.72,71,2065.19,5,145.436,4540.456,151.2056088
607,818 B,Himalayan Blue,340,200,215,14.62,2725.86,76,2329.83,0,0,,159.3590971
608,819 A,Himalayan Blue,340,200,210,14.28,2717.44,75,2291.35,0,0,4548.45,160.4586835
609,819 B,Himalayan Blue,340,200,210,14.28,2630.96,76,2257.1,0,0,,158.0602241
610,820 A,Himalayan Blue,340,200,210,14.28,2753.67,68,1895.09,8,222.952,4343.942,148.3222689
611,820 B,Himalayan Blue,340,200,210,14.28,2478.59,77,2225.9,0,0,,155.8753501
612,821 A,Himalayan Blue,340,195,115,7.6245,1500.54,41,1186.28,0,0,2403.63,155.5879074
613,821 B,Himalayan Blue,340,195,115,7.6245,1449.3,40,1217.35,0,0,,159.6629287
614,822 A,Himalayan Blue,340,200,125,8.5,1500.45,44,1321.36,0,0,2602.33,155.4541176
615,822 B,Himalayan Blue,340,200,125,8.5,1466.35,43,1280.97,0,0,,150.7023529
616,823,Himalayan Blue,345,205,85,6.012,2497.36,76,1993.28,0,0,1993.28,331.5502329
617,824 A,Himalayan Blue,345,205,130,9.1943,1652.84,47,1392.77,0,0,2788.148,151.4818964
618,824 B,Himalayan Blue,345,205,130,9.1943,1685.73,45,1336,2,59.378,,151.7655504
619,825,Himalayan Blue,342,110,210,7.9,2637.51,76,2101.34,0,0,2101.34,265.9924051
620,826,Himalayan Blue,343,110,215,8.112,2826.14,78,2160.51,0,0,2160.51,266.3350592
621,827,Himalayan Blue,345,110,220,8.349,2818.08,77,2216.15,0,0,2216.15,265.4389747
622,828 A,Himalayan Blue,342,205,207,14.51277,2809.3,75,2561.51,1,34.153,4585.233,178.8537268
623,828 B,Himalayan Blue,342,205,207,14.51277,2513.15,76,1989.57,0,0,,137.0909895
624,81,Ivory Fantasy,330,210,205,14.207,5478.26,75,5637.84,0,0,5637.84,396.8353628
625,82,Ivory Fantasy,327,153,165,8.255,4048.47,132,3457.45,0,0,3457.45,418.8310115
626,83,Ivory Fantasy,270,150,204,8.262,3163.48,109,2582.66,0,0,2582.66,312.5950133
627,84,Ivory Fantasy,340,95,165,5.33,2226.68,74,1996.31,0,0,1996.31,374.5422139
628,85,Ivory Fantasy,315,182,122,6.994,2930.48,84,2497.35,0,0,2497.35,357.070346
629,86,Ivory Fantasy,250,117,135,3.949,1486.73,46,864.42,22,413.418,1277.838,323.5852114
630,87,Ivory Fantasy,280,100,210,5.88,2033.42,65,1639.13,10,252.174,1891.304,321.6503401
631,88,Ivory Fantasy,210,180,105,3.969,1633.3,78,1608.4,0,0,1608.4,405.2406148
632,89,Ivory Fantasy,355,165,75,4.393,1733.43,61,1719.28,0,0,1719.28,391.3680856
633,90,Ivory Fantasy,335,70,197,4.62,2065.4,70,1871.59,2,53.474,1925.064,416.6805195
634,91,Ivory Fantasy,305,80,125,3.05,1191.25,42,869.88,0,0,869.88,285.2065574
635,92,Ivory Fantasy,340,95,175,5.653,2159.72,49,1285.97,22,577.374,1863.344,329.6203786
636,93,Ivory Fantasy,362,195,185,13.059,4143.66,119,3117.86,15,393.008,3510.868,268.8466192
637,94,Ivory Fantasy,320,180,190,10.944,4368.78,109,3249.58,17,506.815,3756.395,343.2378472
638,95,Ivory Fantasy,285,185,115,6.063,2628.13,63,1787.73,13,368.897,2156.627,355.7029523
639,96,Ivory Fantasy,380,200,160,12.16,3878.66,133,4290.1,0,0,4290.1,352.8042763
640,97,Ivory Fantasy,320,185,92,5.446,2005.58,56,1537.53,7,192.191,1729.721,317.6131105
641,98,Ivory Fantasy,325,175,180,10.238,3620.98,123,3216.42,5,130.749,3347.169,326.9358273
642,99,Ivory Fantasy,315,183,180,10.376,4319.37,114,3272.68,14,401.908,3674.588,354.1430224
643,100,Ivory Fantasy,306,190,175,10.175,3249.2,91,2375.22,36,939.647,3314.867,325.7854545
644,101,Ivory Fantasy,295,165,170,8.275,4165.55,109,3405.42,16,499.878,3905.298,471.9393353
645,102,Ivory Fantasy,225,195,175,7.678,4377.07,119,3425.01,26,748.322,4173.332,543.5441521
646,103,Ivory Fantasy,377,195,168,12.351,3643.01,86,1992.04,53,1227.653,3219.693,260.6827787
647,104,Ivory Fantasy,375,116,185,8.048,3426.71,77,2190.67,19,540.555,2731.225,339.3669235
648,126,Ivory Fantasy,217,162,93,3.269,1409.57,71,1283.42,2,36.153,1319.573,403.6625879
649,127,Ivory Fantasy,265,70,183,3.395,1712.42,28,604.15,38,819.918,1424.068,419.4603829
650,128,Ivory Fantasy,225,115,146,3.778,1830.76,95,1526.28,0,0,1526.28,403.9915299
651,129,Ivory Fantasy,235,90,100,2.115,743.68,34,644.7,1,18.962,663.662,313.7881797
652,130,Ivory Fantasy,320,145,165,7.656,3606.43,,,121,,0,0
653,131,Ivory Fantasy,380,30,182,2.075,889.64,20,528.01,5,132.003,660.013,318.0785542
654,132,Ivory Fantasy,345,140,180,8.694,4537.77,59,1386.17,92,2161.485,3547.655,408.057856
655,133,Ivory Fantasy,235,100,183,4.301,1839.55,78,1532.77,2,39.302,1572.072,365.5131365
656,134,Ivory Fantasy,245,97,185,4.397,1624.07,72,1518.04,3,63.252,1581.292,359.6297476
657,135,Ivory Fantasy,270,65,200,3.51,1426.85,52,1269.42,0,0,1269.42,361.6581197
658,136,Ivory Fantasy,232,175,85,3.451,1274.89,61,1260.77,2,41.337,1302.107,377.3129528
659,137,Ivory Fantasy,266,60,200,3.192,1719,63,1191.2,16,302.527,1493.727,467.9595865
660,138,Ivory Fantasy,350,66,185,4.274,1696.41,27,616.64,37,845.025,1461.665,341.9899392
661,139,Ivory Fantasy,250,105,90,2.363,893.33,32,705.54,0,0,705.54,298.5780787
662,140,Ivory Fantasy,230,95,120,2.622,668.27,,,34,,0,0
663,141,Ivory Fantasy,240,105,95,2.394,784.24,33,741.55,0,0,741.55,309.7535505
664,142,Ivory Fantasy,290,120,125,4.35,1979.71,90,1570.43,4,69.797,1640.227,377.0636782
665,143,Ivory Fantasy,360,120,180,7.776,2765.26,84,1898.21,0,0,1898.21,244.1113683
666,223,Hassan Green,231,156,87,3.135,2600,45,1300,5,144.444,1444.444,460.7476874
667,143,Black Forest,360,120,180,7.776,2765.26,84,1898.21,0,0,1898.21,244.1113683
668,148,Black Galaxy,360,140,180,9.072,2765.26,84,1898.21,0,0,1898.21,209.2383157